student,hours_studied,attendance,score
Aisha,2.0,0.82,52.0
Ben,5.5,0.91,66.9
Chen,3.0,0.76,57.6
Dina,8.0,0.95,86.1
Eren,4.714285714285714,0.88,62.6
Fatima,6.0,0.8499999999999999,69.1
George,1.5,0.7,53.8
Hana,7.0,0.93,78.1
